x,y,rPRCP,rRS
-1793,682,3258,1229.43872070312
-1693,682,729,683.714233398438
-1593,682,1274,569.609985351562
-1493,682,1650,641.499450683594
2207,682,1321,915.864685058594
2307,682,1049,896.163513183594
2407,682,1063,612.856018066406
-1793,582,3409,1179.22534179688
-1693,582,725,640.560974121094
-1593,582,2839,902.253479003906
-1493,582,812,562.837341308594
-1393,582,697,965.590881347656
-1293,582,980,767.44775390625
-1193,582,1257,635.005004882812
-1093,582,793,590.448059082031
-993,582,1787,587.957885742188
2207,582,1307,776.357116699219
2307,582,1099,800.324279785156
2407,582,1244,812.915161132812
2507,582,1510,802.683715820312
-1793,482,2790,1236.90405273438
-1693,482,1421,934.264831542969
-1593,482,1739,952.511901855469
-1493,482,323,537.761779785156
-1393,482,548,624.772399902344
-1293,482,628,704.396057128906
-1193,482,1282,810.574096679688
-1093,482,1167,558.805358886719
-993,482,1098,583.841430664062
-893,482,264,429.191864013672
-793,482,335,344.813354492188
-693,482,306,504.170806884766
-593,482,323,425.679992675781
-493,482,322,357.334625244141
-393,482,335,372.323699951172
-293,482,387,332.536041259766
-193,482,429,536.80078125
-93,482,333,551.407531738281
7,482,469,688.181213378906
107,482,493,635.065856933594
207,482,501,599.788757324219
307,482,516,533.102722167969
407,482,499,529.041137695312
2207,482,1213,786.078125
2307,482,1362,593.07666015625
2407,482,1307,800.035400390625
2507,482,1480,664.817810058594
-1793,382,2911,1266.22045898438
-1693,382,3145,1160.50012207031
-1593,382,365,852.967346191406
-1493,382,272,384.201141357422
-1393,382,423,720.364868164062
-1293,382,623,755.515014648438
-1193,382,1331,600.229614257812
-1093,382,620,654.804260253906
-993,382,998,545.271057128906
-893,382,266,598.240356445312
-793,382,324,497.493713378906
-693,382,424,396.240325927734
-593,382,331,460.956329345703
-493,382,342,474.203247070312
-393,382,351,357.205474853516
-293,382,386,458.420196533203
-193,382,425,428.001251220703
-93,382,357,546.797302246094
7,382,410,569.239318847656
107,382,512,729.464294433594
207,382,436,681.685546875
307,382,458,526.668090820312
407,382,608,558.866516113281
507,382,739,560.478332519531
607,382,792,714.133361816406
707,382,1119,1029.21411132812
807,382,851,504.285705566406
907,382,818,500.846466064453
2007,382,956,573.894958496094
2107,382,1196,503.038299560547
2207,382,1166,557.938171386719
2307,382,1276,760.800170898438
2407,382,1318,610.51513671875
2507,382,1582,589.004760742188
-1893,282,2531,1266.91687011719
-1793,282,1431,952.392639160156
-1693,282,2760,817.461547851562
-1593,282,424,793.20849609375
-1493,282,338,385.274139404297
-1393,282,538,623.174194335938
-1293,282,705,631.006164550781
-1193,282,1449,632.359436035156
-1093,282,380,576.079711914062
-993,282,496,615.752685546875
-893,282,280,520.539733886719
-793,282,335,644.188842773438
-693,282,319,414.502136230469
-593,282,300,473.254943847656
-493,282,249,474.203247070312
-393,282,363,401.610260009766
-293,282,352,506.60400390625
-193,282,386,587.516967773438
-93,282,425,494.900970458984
7,282,414,598.712036132812
107,282,381,792.628784179688
207,282,431,463.772277832031
307,282,419,704.593444824219
407,282,601,623.585998535156
507,282,760,709.301818847656
607,282,980,1058.84924316406
707,282,963,545.759216308594
807,282,971,476.121215820312
907,282,856,480.30908203125
1007,282,947,505.114318847656
1107,282,819,475.501831054688
1207,282,772,569.751098632812
1307,282,723,723.668090820312
1907,282,920,520.343139648438
2007,282,1115,810.497497558594
2107,282,1113,514.674926757812
2207,282,1141,789.09033203125
2307,282,1323,838.641723632812
2407,282,1294,571.311462402344
-1893,182,3053,1371.85278320312
-1793,182,1449,1181.93371582031
-1693,182,402,623.380310058594
-1593,182,415,528.976989746094
-1493,182,518,724.453979492188
-1393,182,915,614.250549316406
-1293,182,630,593.6943359375
-1193,182,1010,567.368041992188
-1093,182,705,672.860046386719
-993,182,417,655.545593261719
-893,182,296,506.887268066406
-793,182,264,607.0947265625
-693,182,262,421.915893554688
-593,182,276,570.483581542969
-493,182,226,399.480499267578
-393,182,286,424.020355224609
-293,182,347,485.694732666016
-193,182,336,489.367126464844
-93,182,377,499.454193115234
7,182,403,645.341003417969
107,182,374,512.749084472656
207,182,427,459.363189697266
307,182,677,648.511169433594
407,182,694,651.883850097656
507,182,966,630.756774902344
607,182,859,549.720642089844
707,182,832,848.470825195312
807,182,758,904.304016113281
907,182,747,978.018981933594
1007,182,711,434.515228271484
1107,182,797,455.803100585938
1207,182,787,532.8818359375
1307,182,807,483.847381591797
1907,182,974,667.508178710938
2007,182,1217,646.258422851562
2107,182,974,655.992553710938
2207,182,1092,689.769226074219
2307,182,1115,667.160461425781
-1993,82,3804,1569.92663574219
-1893,82,1799,951.657531738281
-1793,82,2372,748.743103027344
-1693,82,665,615.609069824219
-1593,82,410,601.947937011719
-1493,82,555,897.991271972656
-1393,82,341,785.902282714844
-1293,82,614,752.284240722656
-1193,82,804,598.578918457031
-1093,82,480,760.716491699219
-993,82,193,418.240234375
-893,82,645,572.121704101562
-793,82,304,746.745788574219
-693,82,257,683.679321289062
-593,82,246,712.465698242188
-493,82,238,647.457153320312
-393,82,283,443.84326171875
-293,82,274,590.86474609375
-193,82,353,586.315063476562
-93,82,348,505.761962890625
7,82,363,529.987670898438
107,82,370,491.960235595703
207,82,522,502.476684570312
307,82,560,588.199951171875
407,82,637,661.16552734375
507,82,792,879.92626953125
607,82,758,830.959533691406
707,82,819,941.935974121094
807,82,753,913.104064941406
907,82,766,527.447265625
1007,82,692,452.431091308594
1107,82,970,622.646484375
1207,82,845,449.313995361328
1307,82,725,479.658630371094
1407,82,680,586.884399414062
1707,82,959,715.371459960938
1807,82,916,715.371459960938
1907,82,1094,712.100036621094
2007,82,1161,714.08203125
2107,82,1026,616.028625488281
2207,82,1108,698.61376953125
2307,82,1149,657.815124511719
2407,82,1223,652.417724609375
-1993,-18,3668,1380.24243164062
-1893,-18,1722,665.739196777344
-1793,-18,810,561.131896972656
-1693,-18,346,458.465759277344
-1593,-18,336,438.702697753906
-1493,-18,357,531.802856445312
-1393,-18,237,529.132385253906
-1293,-18,257,784.630798339844
-1193,-18,784,744.601989746094
-1093,-18,269,617.651000976562
-993,-18,186,701.487243652344
-893,-18,529,970.560607910156
-793,-18,758,663.268859863281
-693,-18,86,518.8857421875
-593,-18,420,578.064392089844
-493,-18,281,531.581970214844
-393,-18,303,496.945770263672
-293,-18,291,594.338073730469
-193,-18,279,594.351318359375
-93,-18,309,544.099792480469
7,-18,340,564.673156738281
107,-18,442,526.467712402344
207,-18,480,599.591125488281
307,-18,510,734.6064453125
407,-18,670,751.227722167969
507,-18,842,625.605224609375
607,-18,755,647.848937988281
707,-18,798,860.802795410156
807,-18,782,647.154907226562
907,-18,804,557.534790039062
1007,-18,848,705.323303222656
1107,-18,990,746.274353027344
1207,-18,912,642.360229492188
1307,-18,822,595.54833984375
1407,-18,724,738.072143554688
1707,-18,908,675.286682128906
1807,-18,917,627.922729492188
1907,-18,1044,597.971496582031
2007,-18,1161,692.129028320312
2107,-18,1199,697.421264648438
2207,-18,1168,824.163696289062
2307,-18,1012,852.407653808594
2407,-18,1240,755.033630371094
-1993,-118,2003,1056.34790039062
-1893,-118,1295,702.089782714844
-1793,-118,508,457.158386230469
-1693,-118,418,482.206695556641
-1593,-118,306,631.44775390625
-1493,-118,198,714.659790039062
-1393,-118,339,594.075439453125
-1293,-118,267,893.340759277344
-1193,-118,328,575.549865722656
-1093,-118,306,587.235168457031
-993,-118,222,673.064819335938
-893,-118,579,619.707397460938
-793,-118,418,486.382385253906
-693,-118,97,369.320220947266
-593,-118,235,445.942657470703
-493,-118,263,475.627227783203
-393,-118,253,409.228912353516
-293,-118,286,606.450256347656
-193,-118,309,501.257934570312
-93,-118,307,576.647521972656
7,-118,342,558.209838867188
107,-118,476,517.615417480469
207,-118,562,597.337280273438
307,-118,661,750.263488769531
407,-118,661,727.579223632812
507,-118,611,682.395202636719
607,-118,796,870.49462890625
707,-118,782,713.113708496094
807,-118,788,650.454162597656
907,-118,778,701.826293945312
1007,-118,770,767.239929199219
1107,-118,867,623.672424316406
1207,-118,902,632.139709472656
1307,-118,758,628.838256835938
1407,-118,740,761.2158203125
1607,-118,1187,857.414367675781
1707,-118,1188,686.29052734375
1807,-118,1091,723.838134765625
1907,-118,1112,769.964233398438
2007,-118,1329,653.046020507812
2107,-118,1092,1140.28234863281
2207,-118,1108,1184.732421875
2307,-118,979,743.638732910156
-1993,-218,2059,1025.76599121094
-1893,-218,1173,982.315734863281
-1793,-218,994,619.014465332031
-1693,-218,632,546.34130859375
-1593,-218,173,524.781127929688
-1493,-218,186,643.507934570312
-1393,-218,356,597.531616210938
-1293,-218,417,603.164916992188
-1193,-218,318,601.061157226562
-1093,-218,319,903.928466796875
-993,-218,402,559.328247070312
-893,-218,367,613.103454589844
-793,-218,142,457.527465820312
-693,-218,112,526.674682617188
-593,-218,105,428.173400878906
-493,-218,210,514.472106933594
-393,-218,168,430.17529296875
-293,-218,225,606.078979492188
-193,-218,288,438.857055664062
-93,-218,284,337.238311767578
7,-218,287,612.270141601562
107,-218,342,605.795776367188
207,-218,375,569.734680175781
307,-218,547,896.034423828125
407,-218,665,743.27001953125
507,-218,579,850.427551269531
607,-218,640,989.046020507812
707,-218,718,832.829162597656
807,-218,644,737.4453125
907,-218,642,799.726928710938
1007,-218,705,707.221008300781
1107,-218,896,769.096923828125
1207,-218,811,612.470947265625
1307,-218,687,664.345947265625
1407,-218,977,740.320129394531
1507,-218,1205,733.261901855469
1607,-218,1121,645.657348632812
1707,-218,1255,634.266174316406
1807,-218,1093,674.658447265625
1907,-218,1216,745.011413574219
2007,-218,1160,691.81005859375
2107,-218,1113,1280.9267578125
2207,-218,1406,1163.82373046875
-1993,-318,1347,1181.91906738281
-1893,-318,719,727.387084960938
-1793,-318,1067,785.939758300781
-1693,-318,249,764.892333984375
-1593,-318,148,370.138275146484
-1493,-318,182,729.0380859375
-1393,-318,158,674.385131835938
-1293,-318,288,692.695434570312
-1193,-318,196,650.313903808594
-1093,-318,150,578.066467285156
-993,-318,307,589.172058105469
-893,-318,206,483.477874755859
-793,-318,140,484.704040527344
-693,-318,136,451.322631835938
-593,-318,148,568.969177246094
-493,-318,183,553.03564453125
-393,-318,157,577.553161621094
-293,-318,147,708.335266113281
-193,-318,180,317.053375244141
-93,-318,237,498.381378173828
7,-318,299,572.720642089844
107,-318,362,694.781188964844
207,-318,396,710.688293457031
307,-318,521,850.931396484375
407,-318,632,939.646362304688
507,-318,652,1082.61804199219
607,-318,611,928.385803222656
707,-318,730,912.751708984375
807,-318,713,836.728393554688
907,-318,609,688.545104980469
1007,-318,776,843.632568359375
1107,-318,775,791.779052734375
1207,-318,745,766.945678710938
1307,-318,925,803.748596191406
1407,-318,937,745.637084960938
1507,-318,964,638.816040039062
1607,-318,1087,648.688781738281
1707,-318,1312,704.936462402344
1807,-318,1169,754.730407714844
1907,-318,1191,1125.66284179688
2007,-318,1100,1321.33447265625
2107,-318,1082,1011.62768554688
2207,-318,1343,977.758178710938
-1993,-418,1368,963.179565429688
-1893,-418,598,932.084777832031
-1793,-418,2081,744.303405761719
-1693,-418,158,842.208618164062
-1593,-418,61,262.080413818359
-1493,-418,200,267.251647949219
-1393,-418,203,407.693450927734
-1293,-418,336,418.660369873047
-1193,-418,79,569.522521972656
-1093,-418,166,628.322814941406
-993,-418,339,552.221435546875
-893,-418,265,616.92822265625
-793,-418,165,505.73095703125
-693,-418,159,630.7177734375
-593,-418,368,762.955261230469
-493,-418,295,578.555541992188
-393,-418,264,548.779235839844
-293,-418,232,528.38232421875
-193,-418,215,590.165771484375
-93,-418,229,519.843872070312
7,-418,273,553.892639160156
107,-418,341,785.875915527344
207,-418,353,853.936096191406
307,-418,499,1024.95178222656
407,-418,710,896.199401855469
507,-418,773,782.154907226562
607,-418,699,748.860107421875
707,-418,801,845.355712890625
807,-418,709,782.813537597656
907,-418,744,854.844787597656
1007,-418,756,871.431030273438
1107,-418,900,797.241027832031
1207,-418,930,706.411987304688
1307,-418,959,837.560119628906
1407,-418,918,789.095458984375
1507,-418,1079,697.759216308594
1607,-418,1203,777.650451660156
1707,-418,1277,748.448120117188
1807,-418,973,858.586181640625
1907,-418,998,1106.56579589844
2007,-418,976,1323.74353027344
2107,-418,1165,1442.60498046875
-1993,-518,932,1108.95886230469
-1893,-518,560,987.004150390625
-1793,-518,546,1003.31091308594
-1693,-518,123,548.534362792969
-1593,-518,169,271.901031494141
-1493,-518,215,640.849731445312
-1393,-518,284,428.757934570312
-1293,-518,304,495.427459716797
-1193,-518,163,412.558685302734
-1093,-518,165,577.392028808594
-993,-518,301,581.741638183594
-893,-518,164,424.444488525391
-793,-518,115,432.318939208984
-693,-518,241,513.216613769531
-593,-518,457,512.246948242188
-493,-518,387,583.637634277344
-393,-518,224,574.458923339844
-293,-518,265,529.962768554688
-193,-518,313,693.909057617188
-93,-518,292,563.377319335938
7,-518,306,832.317077636719
107,-518,434,834.987854003906
207,-518,583,1056.15893554688
307,-518,576,1099.11669921875
407,-518,642,876.218322753906
507,-518,683,821.185241699219
607,-518,713,837.413391113281
707,-518,769,855.146728515625
807,-518,671,906.801513671875
907,-518,690,998.570068359375
1007,-518,846,1059.3837890625
1107,-518,967,1069.39904785156
1207,-518,930,1084.08837890625
1307,-518,1013,1110.02880859375
1407,-518,1114,1155.04541015625
1507,-518,1122,1066.83312988281
1607,-518,1274,1075.46154785156
1707,-518,1347,800.041320800781
1807,-518,1094,1148.94104003906
1907,-518,1014,1102.35375976562
2007,-518,1097,1361.41430664062
2107,-518,1315,1359.84875488281
-1993,-618,1639,1230.03686523438
-1893,-618,512,338.4775390625
-1793,-618,229,957.5830078125
-1693,-618,1081,709.391784667969
-1593,-618,121,267.637176513672
-1493,-618,151,640.849731445312
-1393,-618,171,584.14990234375
-1293,-618,297,442.801605224609
-1193,-618,318,412.558685302734
-1093,-618,217,585.220031738281
-993,-618,145,547.585876464844
-893,-618,111,511.466064453125
-793,-618,151,567.914672851562
-693,-618,235,415.551177978516
-593,-618,414,574.967163085938
-493,-618,320,518.802734375
-393,-618,294,495.120086669922
-293,-618,293,428.939666748047
-193,-618,251,615.627685546875
-93,-618,312,583.508239746094
7,-618,349,809.713806152344
107,-618,416,1010.9892578125
207,-618,594,1078.07727050781
307,-618,600,1153.36450195312
407,-618,574,1279.267578125
507,-618,744,778.588012695312
607,-618,766,842.181640625
707,-618,785,1088.13781738281
807,-618,834,972.770141601562
907,-618,1016,1330.5693359375
1007,-618,915,1144.93005371094
1107,-618,925,1320.49877929688
1207,-618,1167,1064.58093261719
1307,-618,1161,1111.97973632812
1407,-618,1156,1019.15808105469
1507,-618,1281,1054.58483886719
1607,-618,1287,1037.07409667969
1707,-618,1097,1040.306640625
1807,-618,860,1298.02282714844
1907,-618,860,1082.94213867188
2007,-618,1035,1434.10876464844
2107,-618,1380,1365.63793945312
-1993,-718,1102,799.881530761719
-1893,-718,406,1158.64697265625
-1793,-718,194,428.016479492188
-1693,-718,235,614.065002441406
-1593,-718,58,255.664260864258
-1493,-718,62,823.957397460938
-1393,-718,127,634.229431152344
-1293,-718,297,542.228515625
-1193,-718,374,418.4580078125
-1093,-718,329,554.62890625
-993,-718,128,547.585876464844
-893,-718,124,514.826843261719
-793,-718,268,557.444519042969
-693,-718,445,631.67041015625
-593,-718,361,540.251892089844
-493,-718,227,604.148803710938
-393,-718,129,538.752685546875
-293,-718,167,393.373046875
-193,-718,233,634.715393066406
-93,-718,293,711.090759277344
7,-718,451,695.749938964844
107,-718,429,1002.10095214844
207,-718,539,1257.79760742188
307,-718,588,899.768493652344
407,-718,594,1298.07189941406
507,-718,700,1248.63342285156
607,-718,779,1324.72680664062
707,-718,810,1029.61791992188
807,-718,852,1085.73522949219
907,-718,815,1068.44860839844
1007,-718,860,1282.88256835938
1107,-718,887,1069.44116210938
1207,-718,1159,726.904296875
1307,-718,1212,821.272338867188
1407,-718,1272,912.117980957031
1507,-718,1321,1053.83288574219
1607,-718,1260,985.6845703125
1707,-718,1149,1250.37731933594
1807,-718,936,1090.23864746094
1907,-718,1090,1007.92755126953
2007,-718,1277,1146.86047363281
2107,-718,1411,1117.15563964844
2207,-718,1568,1050.25659179688
-1893,-818,453,258.524719238281
-1793,-818,132,294.617706298828
-1693,-818,149,332.473999023438
-1593,-818,36,224.652725219727
-1493,-818,56,366.410888671875
-1393,-818,134,194.651382446289
-1293,-818,155,180.906158447266
-1193,-818,231,587.426086425781
-1093,-818,160,539.820068359375
-993,-818,94,293.601501464844
-893,-818,115,468.578216552734
-793,-818,146,563.716247558594
-693,-818,221,566.988464355469
-593,-818,167,540.949890136719
-493,-818,171,503.87109375
-393,-818,136,525.544555664062
-293,-818,212,529.638977050781
-193,-818,248,537.531921386719
-93,-818,322,743.392578125
7,-818,460,812.73291015625
107,-818,475,760.877075195312
207,-818,596,1098.32165527344
307,-818,650,1239.76171875
407,-818,955,1234.61755371094
507,-818,1036,1319.55651855469
607,-818,893,1101.86584472656
707,-818,861,1126.77502441406
807,-818,871,1117.12036132812
907,-818,905,972.005798339844
1007,-818,893,1311.09973144531
1107,-818,1076,1323.46887207031
1207,-818,1143,720.75732421875
1307,-818,1195,762.084289550781
1407,-818,1365,880.669189453125
1507,-818,1183,1081.71118164062
1607,-818,1408,1064.42736816406
1707,-818,1089,1258.71179199219
1807,-818,1054,1205.21154785156
1907,-818,1132,1106.00109863281
2007,-818,1582,1201.20324707031
2107,-818,1606,1329.62878417969
2207,-818,1706,923.958740234375
-1893,-918,372,303.687164306641
-1793,-918,157,803.367858886719
-1693,-918,225,307.25537109375
-1593,-918,52,226.714263916016
-1493,-918,61,347.642425537109
-1393,-918,207,499.821197509766
-1293,-918,197,216.581649780273
-1193,-918,329,579.455749511719
-1093,-918,291,418.888305664062
-993,-918,269,539.550415039062
-893,-918,169,535.325622558594
-793,-918,120,544.841003417969
-693,-918,144,429.347473144531
-593,-918,333,609.581237792969
-493,-918,227,537.778259277344
-393,-918,199,419.088745117188
-293,-918,212,577.547119140625
-193,-918,347,590.985900878906
-93,-918,272,759.365844726562
7,-918,362,690.422241210938
107,-918,470,767.692321777344
207,-918,590,1062.99255371094
307,-918,788,1261.44116210938
407,-918,894,1396.57995605469
507,-918,812,1519.96447753906
607,-918,865,1113.42407226562
707,-918,923,1098.66491699219
807,-918,847,1021.91754150391
907,-918,830,1333.65173339844
1007,-918,984,1319.10473632812
1107,-918,1181,1341.92797851562
1207,-918,1276,724.130310058594
1307,-918,1362,806.696533203125
1407,-918,1416,1201.83874511719
1507,-918,1700,1184.36901855469
1607,-918,1242,1159.1591796875
1707,-918,1030,990.376220703125
1807,-918,1252,859.254760742188
1907,-918,1286,1124.99157714844
2007,-918,1417,1403.26513671875
2107,-918,1268,1233.63647460938
-1893,-1018,854,364.744995117188
-1793,-1018,309,575.735595703125
-1693,-1018,281,376.229553222656
-1593,-1018,98,177.052154541016
-1493,-1018,84,326.431640625
-1393,-1018,155,326.431640625
-1293,-1018,165,498.558410644531
-1193,-1018,335,507.209014892578
-1093,-1018,386,563.7060546875
-993,-1018,127,502.207611083984
-893,-1018,156,498.095153808594
-793,-1018,194,429.447448730469
-693,-1018,143,426.946838378906
-593,-1018,151,498.159606933594
-493,-1018,286,412.235260009766
-393,-1018,223,542.137573242188
-293,-1018,227,471.638977050781
-193,-1018,262,660.539306640625
-93,-1018,365,616.080139160156
7,-1018,410,712.7529296875
107,-1018,498,1051.16467285156
207,-1018,619,944.711059570312
307,-1018,669,1080.85278320312
407,-1018,776,1284.30456542969
507,-1018,893,1325.80163574219
607,-1018,917,1284.43139648438
707,-1018,1028,1425.89916992188
807,-1018,910,968.082397460938
907,-1018,983,1328.50061035156
1007,-1018,1260,660.333679199219
1107,-1018,1322,1267.98681640625
1207,-1018,1426,1335.40795898438
1307,-1018,1498,1277.91076660156
1407,-1018,1366,849.245239257812
1507,-1018,1121,1267.98657226562
1607,-1018,1097,1410.10083007812
1707,-1018,1081,1297.28845214844
1807,-1018,1106,1316.07983398438
1907,-1018,1286,1362.85083007812
2007,-1018,1218,1403.26513671875
-1793,-1118,245,287.713836669922
-1693,-1118,209,319.725860595703
-1593,-1118,226,347.680450439453
-1493,-1118,22,327.026275634766
-1393,-1118,106,294.440093994141
-1293,-1118,123,387.249481201172
-1193,-1118,212,343.966003417969
-1093,-1118,362,468.381378173828
-993,-1118,423,707.934814453125
-893,-1118,183,548.396240234375
-793,-1118,196,542.178894042969
-693,-1118,164,474.332061767578
-593,-1118,131,480.825469970703
-493,-1118,173,551.070861816406
-393,-1118,119,543.119445800781
-293,-1118,256,504.993438720703
-193,-1118,407,501.409606933594
-93,-1118,435,664.186950683594
7,-1118,509,735.376159667969
107,-1118,504,708.42333984375
207,-1118,667,997.184753417969
307,-1118,752,1031.96350097656
407,-1118,961,1284.30456542969
507,-1118,1024,1154.33386230469
607,-1118,1131,1245.56677246094
707,-1118,1038,983.883605957031
807,-1118,1083,1284.99926757812
907,-1118,1045,1333.25561523438
1007,-1118,1421,690.574768066406
1107,-1118,1585,696.261352539062
1207,-1118,1544,1289.4560546875
1307,-1118,1259,1421.5107421875
1407,-1118,1073,1112.86669921875
1507,-1118,1058,1026.25231933594
1607,-1118,931,1276.23107910156
1707,-1118,1223,881.214477539062
1807,-1118,1174,1160.40258789062
1907,-1118,1296,1179.17712402344
-1593,-1218,220,284.742156982422
-1493,-1218,48,331.626251220703
-1393,-1218,33,204.179840087891
-1293,-1218,93,442.029541015625
-1193,-1218,115,381.721069335938
-1093,-1218,191,334.600463867188
-993,-1218,309,652.751403808594
-893,-1218,287,601.37451171875
-793,-1218,309,597.50048828125
-693,-1218,207,522.652587890625
-593,-1218,147,552.966247558594
-493,-1218,183,454.411376953125
-393,-1218,175,452.853363037109
-293,-1218,216,524.810852050781
-193,-1218,266,517.793212890625
-93,-1218,435,599.168029785156
7,-1218,483,688.277221679688
107,-1218,544,1007.76324462891
207,-1218,754,1304.80017089844
307,-1218,861,1307.25183105469
407,-1218,970,1169.58117675781
507,-1218,1018,1134.83410644531
607,-1218,1044,1197.1748046875
707,-1218,1260,884.125549316406
807,-1218,1193,1302.20874023438
907,-1218,1523,1308.36328125
1007,-1218,1483,1302.90173339844
1107,-1218,1554,1002.58349609375
1207,-1218,1528,762.551513671875
1307,-1218,1275,1348.0234375
1407,-1218,1171,878.761779785156
1507,-1218,1000,1038.32885742188
1607,-1218,1025,1260.51232910156
1707,-1218,1154,1083.87451171875
1807,-1218,1046,1208.64721679688
-1393,-1318,158,549.314575195312
-1293,-1318,115,385.183380126953
-1193,-1318,173,358.997375488281
-1093,-1318,281,421.454620361328
-993,-1318,265,624.58642578125
-893,-1318,205,420.561370849609
-793,-1318,241,517.63427734375
-693,-1318,97,516.147521972656
-593,-1318,178,422.970092773438
-493,-1318,474,518.219604492188
-393,-1318,196,439.705047607422
-293,-1318,256,446.691680908203
-193,-1318,311,460.805511474609
-93,-1318,385,644.133483886719
7,-1318,438,669.929626464844
107,-1318,642,846.718811035156
207,-1318,718,986.183044433594
307,-1318,815,1220.50573730469
407,-1318,990,1487.81689453125
507,-1318,1048,1366.32348632812
607,-1318,1312,1306.76281738281
707,-1318,1166,865.411743164062
807,-1318,1450,1352.72302246094
907,-1318,1593,1261.66552734375
1007,-1318,1792,723.708190917969
1107,-1318,1479,833.275512695312
1207,-1318,1527,1116.01953125
1307,-1318,1249,1053.56213378906
1407,-1318,1197,1186.13879394531
1507,-1318,960,1160.13342285156
1607,-1318,1096,1107.78527832031
1707,-1318,1083,1268.06201171875
1807,-1318,1065,1274.13525390625
-1193,-1418,219,417.896301269531
-1093,-1418,379,453.60400390625
-993,-1418,276,439.738922119141
-893,-1418,189,465.069488525391
-793,-1418,117,375.155395507812
-693,-1418,132,378.809539794922
-593,-1418,150,374.238006591797
-493,-1418,159,455.713653564453
-393,-1418,160,429.931091308594
-293,-1418,265,405.840301513672
-193,-1418,377,396.819519042969
-93,-1418,456,434.14892578125
7,-1418,565,640.731994628906
107,-1418,712,953.973266601562
207,-1418,799,1038.8232421875
307,-1418,980,1250.08911132812
407,-1418,1087,1242.24291992188
507,-1418,1165,1080.69372558594
607,-1418,1574,1052.92431640625
707,-1418,1518,1101.97119140625
807,-1418,1640,959.736999511719
907,-1418,1788,827.358703613281
1007,-1418,1782,894.66552734375
1107,-1418,1957,1081.37707519531
1207,-1418,1611,1151.24670410156
1307,-1418,1515,1182.76708984375
1407,-1418,1155,815.136169433594
1507,-1418,1197,776.54052734375
1607,-1418,1384,1082.98742675781
1707,-1418,1445,1031.16040039062
1807,-1418,1332,1274.13525390625
-893,-1518,315,430.124603271484
-793,-1518,241,394.332305908203
-593,-1518,157,401.410247802734
-493,-1518,165,471.236511230469
-393,-1518,290,450.027648925781
-293,-1518,281,415.370300292969
-193,-1518,393,448.510772705078
-93,-1518,567,432.028778076172
7,-1518,572,638.652465820312
107,-1518,668,942.108764648438
207,-1518,678,895.754150390625
307,-1518,932,1154.61059570312
407,-1518,1180,1116.34045410156
507,-1518,1379,1241.79455566406
607,-1518,1625,888.282775878906
707,-1518,1614,825.516967773438
807,-1518,1615,680.327331542969
907,-1518,2073,1096.08142089844
1007,-1518,2025,1024.10827636719
1107,-1518,2083,1098.93713378906
1207,-1518,1707,1222.38891601562
1307,-1518,1746,1202.77880859375
1407,-1518,1478,1259.09143066406
1507,-1518,1634,1099.21081542969
1607,-1518,1688,1143.65905761719
1707,-1518,1588,1235.53381347656
1807,-1518,1483,1240.71948242188
1907,-1518,1136,1132.59936523438
-493,-1618,175,453.052276611328
-393,-1618,332,444.586120605469
-293,-1618,380,420.395080566406
-193,-1618,404,449.077392578125
-93,-1618,457,600.242797851562
7,-1618,452,698.779724121094
107,-1618,678,942.108764648438
207,-1618,767,917.160095214844
307,-1618,983,1829.23107910156
407,-1618,1214,1345.08117675781
507,-1618,1260,1077.63195800781
607,-1618,1534,1162.01110839844
707,-1618,1843,1044.58154296875
807,-1618,1709,1043.56091308594
907,-1618,1908,1020.96002197266
1007,-1618,1757,1157.98815917969
1107,-1618,1806,1121.90417480469
1407,-1618,1164,1093.65551757812
1507,-1618,1345,976.758544921875
1607,-1618,1514,1064.93859863281
1707,-1618,1628,1337.5029296875
1807,-1618,1227,1158.69580078125
1907,-1618,1293,1228.96472167969
-493,-1718,172,477.997039794922
-393,-1718,198,443.620880126953
-293,-1718,225,404.040008544922
-193,-1718,234,440.316619873047
-93,-1718,394,472.757232666016
7,-1718,561,642.865844726562
107,-1718,714,921.231262207031
207,-1718,825,915.734924316406
307,-1718,990,1218.58264160156
407,-1718,1140,1158.65283203125
507,-1718,1308,1000.73602294922
607,-1718,1860,1075.25695800781
707,-1718,1692,1178.86828613281
807,-1718,1598,1068.98071289062
907,-1718,2013,1041.69287109375
1007,-1718,1614,1157.98815917969
1107,-1718,1626,1109.6767578125
1707,-1718,1662,1201.88659667969
1807,-1718,1282,1130.84228515625
1907,-1718,1457,1241.52014160156
2007,-1718,1479,1324.04541015625
-93,-1818,385,568.807067871094
7,-1818,474,608.306762695312
107,-1818,583,589.375671386719
207,-1818,585,769.624633789062
307,-1818,796,1328.31274414062
407,-1818,1147,1376.44555664062
507,-1818,1490,1070.00756835938
1707,-1818,1216,1316.63598632812
1807,-1818,1384,1310.96569824219
1907,-1818,1335,1135.63317871094
2007,-1818,2025,1301.63818359375
7,-1918,364,551.785766601562
107,-1918,448,557.089233398438
207,-1918,426,930.888122558594
307,-1918,435,788.107360839844
1807,-1918,1303,846.416198730469
1907,-1918,1600,1229.50183105469
2007,-1918,1857,1237.40563964844
7,-2018,403,570.204162597656
107,-2018,382,557.089233398438
207,-2018,307,960.719970703125
307,-2018,327,696.65771484375
1807,-2018,1351,1016.48736572266
1907,-2018,1306,1025.66711425781
2007,-2018,1763,1165.69421386719
107,-2118,317,855.498291015625
207,-2118,321,895.592590332031
307,-2118,514,710.280456542969
1807,-2118,1334,1077.88244628906
